alpha,top1_acc,top5_acc
0.0,0.859311282283643,0.9762120525600363
0.2,0.9003171726325329,0.9916175804259175
0.3,0.911191662890802,0.994789306751246
0.4,0.9191209787041232,0.9954689623923878
0.5,0.9207068418667875,0.995922066153149
0.6,0.9231989125509742,0.9952424105120072
0.7,0.9207068418667875,0.9943362029904849
0.8,0.9154961486180335,0.9941096511101042
1.0,0.9003171726325329,0.9918441323062981
