template_name,template_str,top1_acc,top5_acc
template_A,一张{}的照片,0.8513819664703217,0.9773448119619392
template_B,这是{},0.8504757589487992,0.9721341187131853
template_C,中式菜肴：{},0.8416402356139556,0.9728137743543271
template_D,一道美味的{},0.859311282283643,0.9762120525600363
template_E,{},0.8207974626189397,0.967149977344812
template_F,一张中国菜{}的图片,0.8346171273221568,0.975758948799275
template_G,美食：{},0.851835070231083,0.9791572270049841
template_H,餐桌上的{},0.8511554145899412,0.9784775713638423
